{
    "nodes": [
        { "name": "edge1", "region": "region1" },
        { "name": "edge2", "region": "region2" }
    ],
    "apps": [
        {
            "id": 1,
            "name": "echo-region1",
            "ips": [ "127.0.0.10" ]
        },
        {
            "id": 2,
            "name": "echo-region2",
            "ips": [ "127.0.0.20" ]
        }
    ],
    "services": [
        {
            "app_id": 1,
            "dest": 5000,
            "region": "region1",
            "target": "tcp-echo.fly.dev:5001"
        },
        {
            "app_id": 1,
            "dest": 5000,
            "region": "region1",
            "target": "tcp-echo.fly.dev:5002"
        },
        {
            "app_id": 2,
            "dest": 6000,
            "region": "region2",
            "target": "tcp-echo.fly.dev:6001"
        },
        {
            "app_id": 2,
            "dest": 6000,
            "region": "region2",
            "target": "tcp-echo.fly.dev:6002"
        }
    ]
}
